{
    "name": "Kutos",
    "lighting": "qmk_rgblight",
    "matrix": {
        "rows": 8,
        "cols": 6
    },
    "layouts": {
        "labels": [],
        "keymap": [
            [
                {
                  "x": 3.23
                },
                "0,3",
                {
                  "x": 7.02
                },
                "4,3"
              ],
              [
                {
                  "y": -0.94,
                  "x": 2.23
                },
                "0,2",
                {
                  "x": 1.0000000000000004
                },
                "0,4",
                {
                  "x": 5.02
                },
                "4,4",
                {
                  "x": 1
                },
                "4,2"
              ],
              [
                {
                  "y": -0.86,
                  "x": 5.23
                },
                "0,5"
              ],
              [
                {
                  "y": -1,
                  "x": 9.25
                },
                "4,5"
              ],
              [
                {
                  "y": -0.95,
                  "x": 1.23
                },
                "0,1",
                {
                  "x": 11.02
                },
                "4,1"
              ],
              [
                {
                  "y": -0.94,
                  "x": 0.23
                },
                "0,0",
                {
                  "x": 13.02
                },
                "4,0"
              ],
              [
                {
                  "y": -0.31000000000000005,
                  "x": 3.23
                },
                "1,3",
                {
                  "x": 7.02
                },
                "5,3"
              ],
              [
                {
                  "y": -0.94,
                  "x": 2.23
                },
                "1,2",
                {
                  "x": 1.0000000000000004
                },
                "1,4",
                {
                  "x": 5.02
                },
                "5,4",
                {
                  "x": 1
                },
                "5,2"
              ],
              [
                {
                  "y": -0.8599999999999999,
                  "x": 5.23
                },
                "1,5",
                {
                  "x": 3.0199999999999996
                },
                "5,5"
              ],
              [
                {
                  "y": -0.95,
                  "x": 1.23
                },
                "1,1",
                {
                  "x": 11.02
                },
                "5,1"
              ],
              [
                {
                  "y": -0.94,
                  "x": 0.23
                },
                "1,0",
                {
                  "x": 13.02
                },
                "5,0"
              ],
              [
                {
                  "y": -0.3599999999999999,
                  "x": 6.23
                },
                "3,5",
                {
                  "x": 1.0199999999999996
                },
                "7,5"
              ],
              [
                {
                  "y": -0.9500000000000002,
                  "x": 3.23
                },
                "2,3",
                {
                  "x": 7.02
                },
                "6,3"
              ],
              [
                {
                  "y": -0.94,
                  "x": 2.23
                },
                "2,2",
                {
                  "x": 1.0000000000000004
                },
                "2,4",
                {
                  "x": 5.02
                },
                "6,4",
                {
                  "x": 1
                },
                "6,2"
              ],
              [
                {
                  "y": -0.8599999999999999,
                  "x": 5.23
                },
                "2,5",
                {
                  "x": 3.0199999999999996
                },
                "6,5"
              ],
              [
                {
                  "y": -0.9500000000000002,
                  "x": 1.23
                },
                "2,1",
                {
                  "x": 11.02
                },
                "6,1"
              ],
              [
                {
                  "y": -0.94,
                  "x": 0.23
                },
                "2,0",
                {
                  "x": 13.02
                },
                "6,0"
              ],
              [
                {
                  "y": -0.25,
                  "x": 2.77,
                  "c": "#00e3ff"
                },
                "3,1",
                {
                  "c": "#cccccc"
                },
                "3,2",
                {
                  "x": 6
                },
                "7,2",
                {
                  "c": "#00e3ff"
                },
                "7,1"
              ],
              [
                {
                  "y": -0.8599999999999999,
                  "x": 4.77,
                  "c": "#cccccc"
                },
                "3,3",
                {
                  "x": 4
                },
                "7,3"
              ],
              [
                {
                  "x": 2.25
                },
                "0,0\n\n\n\n\n\n\n\n\ne",
                "0,1\n\n\n\n\n\n\n\n\ne",
                {
                  "x": 7
                },
                "1,0\n\n\n\n\n\n\n\n\ne",
                "1,1\n\n\n\n\n\n\n\n\ne"
              ],
              [
                {
                  "r": 20,
                  "rx": 7.25,
                  "ry": 2,
                  "y": 1.25,
                  "x": -0.5199999999999996
                },
                "3,4"
              ],
              [
                {
                  "r": -20,
                  "rx": 8.25,
                  "y": 1.25,
                  "x": -0.5
                },
                "7,4"
              ]

        ]
    }
}
